{
  "config": {
    "grid_size": 5,
    "charger_positions": [
      [
        2,
        2
      ]
    ],
    "robot_initial_energies": {
      "robot_0": 1000,
      "robot_1": 100,
      "robot_2": 100,
      "robot_3": 100
    },
    "parameters": {
      "e_move": 1,
      "e_collision": 20,
      "e_boundary": 50,
      "e_charge": 20
    }
  },
  "steps": [
    {
      "step": 0,
      "actions": {
        "robot_0": "DOWN",
        "robot_1": "DOWN",
        "robot_2": "RIGHT",
        "robot_3": "UP"
      },
      "q_values": {
        "robot_0": {
          "UP": 1045.140869140625,
          "DOWN": 1094.15625,
          "LEFT": 1030.700439453125,
          "RIGHT": 1075.2589111328125,
          "STAY": 1043.76708984375
        },
        "robot_1": {
          "UP": -125.6930160522461,
          "DOWN": -91.2070541381836,
          "LEFT": -103.84647369384766,
          "RIGHT": -112.86235046386719,
          "STAY": -98.54745483398438
        },
        "robot_2": {
          "UP": -103.3668212890625,
          "DOWN": -130.694091796875,
          "LEFT": -120.58409118652344,
          "RIGHT": -101.93506622314453,
          "STAY": -117.35020446777344
        },
        "robot_3": {
          "UP": -100.79293823242188,
          "DOWN": -111.12139129638672,
          "LEFT": -100.9671630859375,
          "RIGHT": -117.42987823486328,
          "STAY": -104.3947525024414
        }
      },
      "robots": {
        "robot_0": {
          "position": [
            0,
            1
          ],
          "energy": 999,
          "is_dead": false
        },
        "robot_1": {
          "position": [
            4,
            1
          ],
          "energy": 99,
          "is_dead": false
        },
        "robot_2": {
          "position": [
            1,
            4
          ],
          "energy": 99,
          "is_dead": false
        },
        "robot_3": {
          "position": [
            4,
            3
          ],
          "energy": 99,
          "is_dead": false
        }
      },
      "events": []
    },
    {
      "step": 1,
      "actions": {
        "robot_0": "RIGHT",
        "robot_1": "LEFT",
        "robot_2": "UP",
        "robot_3": "LEFT"
      },
      "q_values": {
        "robot_0": {
          "UP": 1069.764404296875,
          "DOWN": 1080.39501953125,
          "LEFT": 1030.886962890625,
          "RIGHT": 1125.2550048828125,
          "STAY": 1043.6910400390625
        },
        "robot_1": {
          "UP": 139.68783569335938,
          "DOWN": 136.70205688476562,
          "LEFT": 155.405029296875,
          "RIGHT": 141.33462524414062,
          "STAY": 118.16449737548828
        },
        "robot_2": {
          "UP": 224.9212646484375,
          "DOWN": 171.17770385742188,
          "LEFT": 202.71495056152344,
          "RIGHT": 190.8915557861328,
          "STAY": 135.69979858398438
        },
        "robot_3": {
          "UP": 162.53843688964844,
          "DOWN": 136.21437072753906,
          "LEFT": 180.103515625,
          "RIGHT": 128.72032165527344,
          "STAY": 112.82225799560547
        }
      },
      "robots": {
        "robot_0": {
          "position": [
            1,
            1
          ],
          "energy": 998,
          "is_dead": false
        },
        "robot_1": {
          "position": [
            3,
            1
          ],
          "energy": 98,
          "is_dead": false
        },
        "robot_2": {
          "position": [
            1,
            3
          ],
          "energy": 98,
          "is_dead": false
        },
        "robot_3": {
          "position": [
            3,
            3
          ],
          "energy": 98,
          "is_dead": false
        }
      },
      "events": []
    },
    {
      "step": 2,
      "actions": {
        "robot_0": "RIGHT",
        "robot_1": "LEFT",
        "robot_2": "UP",
        "robot_3": "LEFT"
      },
      "q_values": {
        "robot_0": {
          "UP": 1103.455078125,
          "DOWN": 1129.9378662109375,
          "LEFT": 1077.388916015625,
          "RIGHT": 1137.194580078125,
          "STAY": 1099.5179443359375
        },
        "robot_1": {
          "UP": 243.9111328125,
          "DOWN": 228.9343719482422,
          "LEFT": 253.16012573242188,
          "RIGHT": 239.59120178222656,
          "STAY": 209.30751037597656
        },
        "robot_2": {
          "UP": 270.0153503417969,
          "DOWN": 239.35272216796875,
          "LEFT": 267.0689392089844,
          "RIGHT": 246.6282501220703,
          "STAY": 223.07139587402344
        },
        "robot_3": {
          "UP": 264.5490417480469,
          "DOWN": 232.4871063232422,
          "LEFT": 273.9812316894531,
          "RIGHT": 229.8822784423828,
          "STAY": 219.2891082763672
        }
      },
      "robots": {
        "robot_0": {
          "position": [
            1,
            1
          ],
          "energy": 977,
          "is_dead": false
        },
        "robot_1": {
          "position": [
            3,
            1
          ],
          "energy": 77,
          "is_dead": false
        },
        "robot_2": {
          "position": [
            1,
            2
          ],
          "energy": 97,
          "is_dead": false
        },
        "robot_3": {
          "position": [
            2,
            3
          ],
          "energy": 97,
          "is_dead": false
        }
      },
      "events": [
        {
          "type": "collision",
          "attacker": "robot_0",
          "victim": "robot_1",
          "damage": 20
        },
        {
          "type": "collision",
          "attacker": "robot_1",
          "victim": "robot_0",
          "damage": 20
        }
      ]
    },
    {
      "step": 3,
      "actions": {
        "robot_0": "RIGHT",
        "robot_1": "LEFT",
        "robot_2": "LEFT",
        "robot_3": "LEFT"
      },
      "q_values": {
        "robot_0": {
          "UP": 1095.319580078125,
          "DOWN": 1119.9970703125,
          "LEFT": 1069.3701171875,
          "RIGHT": 1129.150634765625,
          "STAY": 1093.5860595703125
        },
        "robot_1": {
          "UP": 223.4970703125,
          "DOWN": 213.0725555419922,
          "LEFT": 234.58383178710938,
          "RIGHT": 221.21412658691406,
          "STAY": 202.136474609375
        },
        "robot_2": {
          "UP": 255.1211395263672,
          "DOWN": 237.86965942382812,
          "LEFT": 259.7281494140625,
          "RIGHT": 237.4236602783203,
          "STAY": 219.79159545898438
        },
        "robot_3": {
          "UP": 273.3158874511719,
          "DOWN": 239.9049530029297,
          "LEFT": 279.60382080078125,
          "RIGHT": 241.5363311767578,
          "STAY": 229.89413452148438
        }
      },
      "robots": {
        "robot_0": {
          "position": [
            1,
            1
          ],
          "energy": 956,
          "is_dead": false
        },
        "robot_1": {
          "position": [
            3,
            1
          ],
          "energy": 56,
          "is_dead": false
        },
        "robot_2": {
          "position": [
            0,
            2
          ],
          "energy": 96,
          "is_dead": false
        },
        "robot_3": {
          "position": [
            1,
            3
          ],
          "energy": 96,
          "is_dead": false
        }
      },
      "events": [
        {
          "type": "collision",
          "attacker": "robot_0",
          "victim": "robot_1",
          "damage": 20
        },
        {
          "type": "collision",
          "attacker": "robot_1",
          "victim": "robot_0",
          "damage": 20
        }
      ]
    },
    {
      "step": 4,
      "actions": {
        "robot_0": "DOWN",
        "robot_1": "LEFT",
        "robot_2": "LEFT",
        "robot_3": "LEFT"
      },
      "q_values": {
        "robot_0": {
          "UP": 1107.908203125,